receptor_resnum,receptor_resname,ligand_resnum,ligand_resname,distance,contact_atoms
29,ARG,33,GLU,2.8759471024182295,NH2-OE1
29,ARG,99,MET,4.522801785127304,NH2-O
29,ARG,100,TYR,3.7164160079379283,NH2-CB
31,TYR,99,MET,2.681356135549249,OH-O
31,TYR,100,TYR,3.4983965857443726,OH-CD1
31,TYR,101,PRO,4.559912513733912,OH-C
31,TYR,102,PRO,3.579078248284782,CE2-CB
31,TYR,103,PRO,4.842784313418351,CD2-C
31,TYR,104,TYR,3.8160282519354998,CD2-CB
33,GLN,102,PRO,4.302902995120692,OE1-CB
33,GLN,103,PRO,3.149388202230236,OE1-CA
33,GLN,104,TYR,2.8589088933200952,NE2-O
33,GLN,105,TYR,4.968697333400089,NE2-N
36,LYS,103,PRO,3.2958621177203082,O-CG
36,LYS,104,TYR,2.786298073205931,NZ-O
36,LYS,105,TYR,3.2629009419394865,CG-CE2
38,MET,102,PRO,3.802945687893289,SD-CB
38,MET,103,PRO,3.4537694827225303,SD-CA
41,THR,102,PRO,4.216292510308457,CG2-CG
43,MET,100,TYR,3.775160010216367,SD-CE1
43,MET,102,PRO,4.265105911564003,CE-CG
81,GLU,104,TYR,4.341581325131871,OE2-O
83,VAL,104,TYR,3.4712276381526355,CG2-CD2
85,LEU,99,MET,3.6841421576779756,CD1-SD
85,LEU,104,TYR,4.480257748696436,CD2-CE1
89,LYS,63,LEU,4.048887275449814,NZ-CD1
89,LYS,65,ASP,3.7418761089897377,NZ-OD2
90,ASP,35,ARG,3.90904073225327,OD2-NH2
90,ASP,63,LEU,4.093947888256044,OD1-CD1
91,ALA,35,ARG,4.687549034246901,CB-NH1
91,ALA,53,THR,4.199230121634692,CB-CB
92,PHE,33,GLU,4.159609368331862,CB-OE2
92,PHE,35,ARG,3.892246082994374,O-CD
92,PHE,53,THR,4.099855027416094,O-OG1
92,PHE,99,MET,3.7343522764424373,O-CE
93,LYS,35,ARG,3.523405857015481,CE-NH2
93,LYS,99,MET,4.018265517462986,C-CE
94,ARG,95,LYS,3.9502261969169044,NH2-NZ
94,ARG,97,GLU,3.5983919263341697,NE-OE1
94,ARG,99,MET,3.726735568983587,N-CE
94,ARG,104,TYR,3.056057649276016,NH1-OH
94,ARG,106,LEU,3.7173034690450986,NH1-CD2
97,LEU,104,TYR,4.180085461247137,CD1-CE2
97,LEU,106,LEU,4.612543289746706,CD1-CD2
